entry_time,exit_time,entry_price,exit_price,position,pnl,pnl_pct,exit_reason,bars_held
2025-07-22 04:55:00,2025-07-22 07:46:00,2836.5,2834.5,Short,20000.0,0.07050943063634761,TP,1
2025-07-22 07:47:00,2025-07-22 07:48:00,2834.0,2835.5,Short,-15000.0,-0.0529287226534933,SL,1
2025-07-22 07:51:00,2025-07-22 07:57:00,2835.0,2835.5,Short,-5000.0,-0.017636684303350973,Trail,6
2025-07-22 07:58:00,2025-07-22 07:59:00,2835.0,2837.0,Short,-20000.0,-0.07054673721340389,SL,1
2025-07-22 08:09:00,2025-07-22 08:10:00,2855.0,2859.0,Short,-40000.0,-0.14010507880910683,SL,1
2025-07-22 08:11:00,2025-07-22 08:12:00,2859.5,2860.0,Short,-5000.0,-0.017485574401119076,Trail,1
2025-07-22 08:13:00,2025-07-22 08:15:00,2859.0,2861.5,Short,-25000.0,-0.08744316194473592,Trail,2
2025-07-22 08:16:00,2025-07-22 08:26:00,2864.0,2854.5,Short,95000.0,0.33170391061452514,TP,10
2025-07-23 04:48:00,2025-07-23 04:49:00,2834.5,2835.0,Short,-5000.0,-0.01763979537837361,SL,1
2025-07-23 04:50:00,2025-07-23 04:51:00,2834.5,2834.5,Short,-0.0,-0.0,Trail,1
2025-07-23 04:54:00,2025-07-23 04:55:00,2835.0,2835.0,Short,-0.0,-0.0,Trail,1
2025-07-23 07:46:00,2025-07-23 07:56:00,2878.0,2878.0,Short,-0.0,-0.0,Trail,10
2025-07-23 07:57:00,2025-07-23 07:58:00,2879.5,2879.5,Short,-0.0,-0.0,Trail,1
2025-07-23 07:59:00,2025-07-23 08:00:00,2878.0,2879.0,Short,-10000.0,-0.03474635163307853,Trail,1
2025-07-23 08:01:00,2025-07-23 08:03:00,2881.0,2889.0,Short,-80000.0,-0.2776813606386671,SL,2
2025-07-23 08:04:00,2025-07-23 08:09:00,2887.5,2891.5,Short,-40000.0,-0.13852813852813853,SL,5
2025-07-23 08:10:00,2025-07-23 08:13:00,2890.5,2895.0,Short,-45000.0,-0.15568240788790866,SL,3
2025-07-23 08:14:00,2025-07-23 08:15:00,2900.0,2902.5,Short,-25000.0,-0.08620689655172414,Trail,1
2025-07-23 08:16:00,2025-07-23 08:17:00,2903.0,2907.0,Short,-40000.0,-0.13778849466069584,Trail,1
2025-07-23 08:18:00,2025-07-23 08:25:00,2905.0,2892.0,Short,130000.0,0.44750430292598964,TP,7
2025-07-23 08:26:00,2025-07-23 08:31:00,2888.0,2890.5,Short,-25000.0,-0.08656509695290858,Trail,5
2025-07-23 08:32:00,2025-07-23 08:33:00,2892.5,2895.0,Short,-25000.0,-0.08643042350907519,Trail,1
2025-07-23 08:50:00,2025-07-23 08:51:00,2900.5,2902.0,Short,-15000.0,-0.051715221513532146,Trail,1
2025-07-23 08:55:00,2025-07-23 08:56:00,2906.0,2907.5,Short,-15000.0,-0.051617343427391604,Trail,1
2025-07-24 07:54:00,2025-07-24 07:58:00,2959.0,2954.5,Short,45000.0,0.15207840486650895,TP,4
2025-07-24 08:00:00,2025-07-24 08:03:00,2961.0,2961.5,Short,-5000.0,-0.016886187098953058,Trail,3
2025-07-24 08:04:00,2025-07-24 08:05:00,2965.5,2965.5,Short,-0.0,-0.0,Trail,1
2025-07-24 08:06:00,2025-07-24 08:08:00,2966.5,2970.0,Short,-35000.0,-0.11798415641328165,Trail,2
2025-07-24 08:09:00,2025-07-24 08:15:00,2966.0,2971.0,Short,-50000.0,-0.16857720836142953,SL,6
2025-07-24 08:16:00,2025-07-24 08:17:00,2971.5,2971.5,Short,-0.0,-0.0,Trail,1
2025-07-24 08:18:00,2025-07-24 08:19:00,2971.5,2972.0,Short,-5000.0,-0.016826518593303048,Trail,1
2025-07-24 08:20:00,2025-07-24 08:31:00,2972.0,2962.0,Short,100000.0,0.3364737550471063,TP,11
2025-07-28 07:46:00,2025-07-28 07:48:00,2957.0,2953.0,Short,40000.0,0.13527223537368954,TP,2
2025-07-28 07:49:00,2025-07-28 07:58:00,2954.0,2953.5,Short,5000.0,0.016926201760324982,Trail,9
2025-07-28 07:59:00,2025-07-28 08:00:00,2953.0,2954.0,Short,-10000.0,-0.033863867253640365,Trail,1
2025-07-28 08:01:00,2025-07-28 08:02:00,2953.0,2953.0,Short,-0.0,-0.0,Trail,1
2025-07-28 08:03:00,2025-07-28 08:06:00,2951.0,2944.5,Short,65000.0,0.22026431718061676,TP,3
2025-07-30 07:48:00,2025-07-30 07:49:00,2906.0,2907.5,Short,-15000.0,-0.051617343427391604,SL,1
2025-07-30 07:50:00,2025-07-30 07:52:00,2908.5,2904.0,Short,45000.0,0.15471892728210418,TP,2
2025-07-30 07:53:00,2025-07-30 07:54:00,2903.0,2904.0,Short,-10000.0,-0.03444712366517396,Trail,1
2025-07-30 07:55:00,2025-07-30 07:56:00,2906.0,2906.0,Short,-0.0,-0.0,Trail,1
2025-07-30 07:57:00,2025-07-30 07:58:00,2906.5,2907.0,Short,-5000.0,-0.01720282126268708,Trail,1
2025-07-30 07:59:00,2025-07-30 08:00:00,2909.0,2909.0,Short,-0.0,-0.0,Trail,1
2025-07-30 08:13:00,2025-07-30 08:21:00,2912.0,2913.0,Short,-10000.0,-0.034340659340659344,Trail,8
2025-07-31 07:46:00,2025-07-31 07:50:00,2937.0,2936.0,Short,10000.0,0.034048348655090224,Trail,4
2025-07-31 07:51:00,2025-07-31 08:00:00,2935.5,2930.0,Short,55000.0,0.18736160790325326,TP,9
2025-08-01 21:46:00,2025-08-01 21:47:00,2893.0,2894.0,Short,-10000.0,-0.034566194262011754,Trail,1
2025-08-01 22:05:00,2025-08-01 22:10:00,2886.5,2891.0,Short,-45000.0,-0.15589814654425777,SL,5
2025-08-04 07:46:00,2025-08-04 07:47:00,2884.0,2885.0,Short,-10000.0,-0.03467406380027739,Trail,1
2025-08-04 07:48:00,2025-08-04 07:49:00,2885.5,2886.5,Short,-10000.0,-0.03465603881476347,Trail,1
2025-08-04 07:50:00,2025-08-04 07:56:00,2888.0,2888.5,Short,-5000.0,-0.01731301939058172,Trail,6
2025-08-04 07:57:00,2025-08-04 08:00:00,2888.0,2891.0,Short,-30000.0,-0.10387811634349031,SL,3
2025-08-04 08:04:00,2025-08-04 08:08:00,2889.0,2891.5,Short,-25000.0,-0.08653513326410522,Trail,4
2025-08-04 08:11:00,2025-08-04 08:12:00,2897.0,2897.5,Short,-5000.0,-0.01725923369002416,Trail,1
2025-08-04 08:18:00,2025-08-04 08:28:00,2897.5,2896.5,Short,10000.0,0.03451251078515962,Trail,10
2025-08-05 04:54:00,2025-08-05 04:55:00,2941.0,2941.0,Short,-0.0,-0.0,Trail,1
2025-08-05 07:46:00,2025-08-05 07:49:00,2934.5,2934.5,Short,-0.0,-0.0,Trail,3
2025-08-06 08:10:00,2025-08-06 08:11:00,2953.5,2954.5,Short,-10000.0,-0.03385813441679363,Trail,1
2025-08-08 07:48:00,2025-08-08 07:52:00,3003.5,2999.5,Short,40000.0,0.1331779590477776,TP,4
2025-08-08 07:53:00,2025-08-08 07:54:00,2997.5,2998.0,Short,-5000.0,-0.016680567139282735,Trail,1
2025-08-08 07:55:00,2025-08-08 07:56:00,2998.0,2998.5,Short,-5000.0,-0.016677785190126748,Trail,1
2025-08-08 07:57:00,2025-08-08 07:58:00,3000.5,3002.0,Short,-15000.0,-0.049991668055324116,Trail,1
2025-08-08 07:59:00,2025-08-08 08:00:00,3001.0,3001.5,Short,-5000.0,-0.016661112962345886,Trail,1
2025-08-08 08:01:00,2025-08-08 08:02:00,3003.5,3005.0,Short,-15000.0,-0.049941734642916596,Trail,1
2025-08-08 08:03:00,2025-08-08 08:04:00,3007.0,3008.0,Short,-10000.0,-0.03325573661456601,Trail,1
2025-08-08 08:05:00,2025-08-08 08:07:00,3008.5,3010.5,Short,-20000.0,-0.06647831145088914,SL,2
2025-08-08 08:12:00,2025-08-08 08:24:00,3015.0,3018.5,Short,-35000.0,-0.11608623548922056,SL,12
2025-08-08 08:26:00,2025-08-08 08:27:00,3020.5,3021.0,Short,-5000.0,-0.01655355073663301,Trail,1
2025-08-08 08:58:00,2025-08-08 09:01:00,3031.0,3033.0,Short,-20000.0,-0.06598482349059716,SL,3
2025-08-12 04:55:00,2025-08-12 07:46:00,3051.5,3054.0,Short,-25000.0,-0.08192692118630182,SL,1
2025-08-14 08:04:00,2025-08-14 08:05:00,3067.0,3073.0,Short,-60000.0,-0.19563090968373,SL,1
2025-08-15 04:36:00,2025-08-15 04:37:00,3074.5,3074.5,Short,-0.0,-0.0,Trail,1
2025-08-15 04:38:00,2025-08-15 04:39:00,3075.0,3075.0,Short,-0.0,-0.0,Trail,1
2025-08-15 04:40:00,2025-08-15 04:41:00,3074.5,3074.5,Short,-0.0,-0.0,Trail,1
2025-08-15 04:43:00,2025-08-15 04:47:00,3074.5,3075.0,Short,-5000.0,-0.01626280696048138,SL,4
2025-08-15 04:48:00,2025-08-15 04:50:00,3075.0,3074.0,Short,10000.0,0.03252032520325203,TP,2
2025-08-15 04:51:00,2025-08-15 04:55:00,3074.0,3074.0,Short,-0.0,-0.0,Trail,3
2025-08-15 07:46:00,2025-08-15 07:47:00,3075.5,3078.0,Short,-25000.0,-0.08128759551292473,SL,1
2025-08-15 07:48:00,2025-08-15 07:52:00,3079.5,3076.5,Short,30000.0,0.0974184120798831,TP,4
2025-08-15 07:53:00,2025-08-15 07:54:00,3077.5,3078.5,Short,-10000.0,-0.03249390739236393,Trail,1
2025-08-15 07:55:00,2025-08-15 07:56:00,3080.0,3080.0,Short,-0.0,-0.0,Trail,1
2025-08-15 07:57:00,2025-08-15 08:01:00,3076.5,3080.5,Short,-40000.0,-0.1300178774581505,SL,4
2025-08-15 08:02:00,2025-08-15 08:03:00,3084.5,3087.0,Short,-25000.0,-0.08105041335710812,SL,1
2025-08-15 08:04:00,2025-08-15 08:05:00,3090.5,3090.5,Short,-0.0,-0.0,Trail,1
2025-08-15 08:06:00,2025-08-15 08:07:00,3089.0,3089.5,Short,-5000.0,-0.01618646811265782,Trail,1
2025-08-15 08:08:00,2025-08-15 08:09:00,3087.5,3088.5,Short,-10000.0,-0.032388663967611336,Trail,1
2025-08-15 08:10:00,2025-08-15 08:11:00,3086.0,3086.0,Short,-0.0,-0.0,Trail,1
2025-08-15 08:12:00,2025-08-15 08:13:00,3087.5,3091.0,Short,-35000.0,-0.11336032388663966,SL,1
2025-08-15 08:14:00,2025-08-15 08:15:00,3090.5,3092.5,Short,-20000.0,-0.06471444750040446,Trail,1
2025-08-15 08:16:00,2025-08-15 08:25:00,3089.0,3079.0,Short,100000.0,0.32372936225315635,TP,9
2025-08-15 08:45:00,2025-08-15 08:46:00,3091.5,3092.5,Short,-10000.0,-0.03234675723758693,Trail,1
2025-08-15 08:47:00,2025-08-15 08:48:00,3092.5,3092.5,Short,-0.0,-0.0,Trail,1
2025-08-15 08:49:00,2025-08-15 08:51:00,3092.0,3088.0,Short,40000.0,0.129366106080207,TP,2
2025-08-15 08:52:00,2025-08-15 09:03:00,3087.5,3087.0,Short,5000.0,0.016194331983805668,Trail,11
2025-08-16 04:46:00,2025-08-16 04:47:00,3108.0,3108.0,Short,-0.0,-0.0,Trail,1
2025-08-16 04:48:00,2025-08-16 04:49:00,3108.0,3108.0,Short,-0.0,-0.0,Trail,1
2025-08-16 04:50:00,2025-08-16 04:51:00,3108.5,3108.5,Short,-0.0,-0.0,Trail,1
2025-08-16 04:52:00,2025-08-18 07:46:00,3108.5,3113.0,Short,-45000.0,-0.1447643557986167,SL,3
2025-08-18 07:47:00,2025-08-18 07:50:00,3111.0,3105.5,Short,55000.0,0.17679202828672452,TP,3
2025-08-18 07:51:00,2025-08-18 07:52:00,3105.5,3105.5,Short,-0.0,-0.0,Trail,1
2025-08-18 07:53:00,2025-08-18 07:54:00,3106.0,3107.5,Short,-15000.0,-0.04829362524146813,Trail,1
2025-08-18 07:55:00,2025-08-18 07:56:00,3106.5,3107.0,Short,-5000.0,-0.016095284081764045,Trail,1
2025-08-18 07:57:00,2025-08-18 07:58:00,3107.0,3108.0,Short,-10000.0,-0.0321853878339234,Trail,1
2025-08-18 07:59:00,2025-08-18 08:00:00,3107.5,3110.5,Short,-30000.0,-0.09654062751407884,SL,1
2025-08-18 08:01:00,2025-08-18 08:02:00,3116.0,3117.0,Short,-10000.0,-0.03209242618741977,Trail,1
2025-08-18 08:03:00,2025-08-18 08:07:00,3116.0,3118.0,Short,-20000.0,-0.06418485237483953,Trail,4
2025-08-18 08:08:00,2025-08-18 08:09:00,3119.5,3122.0,Short,-25000.0,-0.08014104824491104,Trail,1
2025-08-18 08:10:00,2025-08-18 08:12:00,3123.0,3124.5,Short,-15000.0,-0.04803073967339097,Trail,2
2025-08-18 08:13:00,2025-08-18 08:14:00,3125.0,3126.0,Short,-10000.0,-0.032,Trail,1
2025-08-18 08:15:00,2025-08-18 08:21:00,3124.0,3115.0,Short,90000.0,0.2880921895006402,TP,6
2025-08-18 08:22:00,2025-08-18 08:23:00,3118.0,3120.5,Short,-25000.0,-0.08017960230917255,Trail,1
2025-08-18 08:24:00,2025-08-18 08:25:00,3121.0,3122.5,Short,-15000.0,-0.04806151874399231,Trail,1
2025-08-18 08:26:00,2025-08-18 08:29:00,3123.0,3124.0,Short,-10000.0,-0.032020493115593976,Trail,3
2025-08-18 08:30:00,2025-08-18 08:31:00,3123.5,3123.5,Short,-0.0,-0.0,Trail,1
2025-08-18 08:32:00,2025-08-18 08:41:00,3123.5,3121.0,Short,25000.0,0.08003841844085162,Trail,9
2025-08-18 08:49:00,2025-08-18 08:55:00,3116.5,3118.0,Short,-15000.0,-0.048130916091769615,Trail,6
2025-08-18 08:56:00,2025-08-18 08:57:00,3119.0,3119.5,Short,-5000.0,-0.016030779095864058,Trail,1
2025-08-18 08:58:00,2025-08-18 09:07:00,3121.5,3124.0,Short,-25000.0,-0.08008970046452026,SL,9
2025-08-19 04:55:00,2025-08-19 07:46:00,3129.0,3129.0,Short,-0.0,-0.0,Trail,1
2025-08-19 07:47:00,2025-08-19 07:48:00,3128.0,3129.0,Short,-10000.0,-0.0319693094629156,SL,1
2025-08-19 07:49:00,2025-08-19 07:52:00,3130.5,3130.5,Short,-0.0,-0.0,Trail,3
2025-08-19 07:53:00,2025-08-19 07:58:00,3131.5,3132.5,Short,-10000.0,-0.03193357815743254,Trail,5
2025-08-19 07:59:00,2025-08-19 08:02:00,3130.0,3123.5,Short,65000.0,0.20766773162939298,TP,3
2025-08-19 08:41:00,2025-08-19 08:46:00,3116.0,3115.5,Short,5000.0,0.016046213093709884,Trail,5
2025-08-19 08:49:00,2025-08-19 08:50:00,3113.5,3114.5,Short,-10000.0,-0.03211819495744339,Trail,1
2025-08-20 04:55:00,2025-08-20 07:46:00,3115.0,3117.0,Short,-20000.0,-0.06420545746388442,SL,1
2025-08-20 07:47:00,2025-08-20 07:48:00,3116.5,3119.5,Short,-30000.0,-0.09626183218353923,SL,1
2025-08-20 07:49:00,2025-08-20 07:50:00,3119.0,3120.0,Short,-10000.0,-0.032061558191728116,SL,1
2025-08-20 07:51:00,2025-08-20 07:52:00,3120.0,3115.0,Short,50000.0,0.16025641025641024,TP,1
2025-08-20 07:53:00,2025-08-20 07:54:00,3113.5,3114.0,Short,-5000.0,-0.016059097478721696,Trail,1
2025-08-20 07:55:00,2025-08-20 08:00:00,3114.5,3108.0,Short,65000.0,0.20870123615347566,TP,5
2025-08-20 21:56:00,2025-08-20 22:01:00,3087.5,3091.0,Short,-35000.0,-0.11336032388663966,SL,5
2025-08-21 04:39:00,2025-08-21 04:40:00,3101.0,3101.0,Short,-0.0,-0.0,Trail,1
2025-08-21 04:41:00,2025-08-21 04:42:00,3101.0,3100.5,Short,5000.0,0.016123831022250887,TP,1
2025-08-21 04:43:00,2025-08-21 04:45:00,3100.5,3100.5,Short,-0.0,-0.0,Trail,1
2025-08-21 04:46:00,2025-08-21 04:49:00,3100.5,3101.5,Short,-10000.0,-0.032252862441541685,SL,1
2025-08-21 04:50:00,2025-08-21 04:53:00,3101.5,3101.5,Short,-0.0,-0.0,Trail,1
2025-08-21 04:54:00,2025-08-21 04:55:00,3101.5,3101.5,Short,-0.0,-0.0,Trail,1
2025-08-21 07:46:00,2025-08-21 07:47:00,3096.0,3099.5,Short,-35000.0,-0.11304909560723514,SL,1
2025-08-21 07:48:00,2025-08-21 07:51:00,3101.5,3102.5,Short,-10000.0,-0.032242463324197966,SL,3
2025-08-21 07:52:00,2025-08-21 07:53:00,3101.0,3102.0,Short,-10000.0,-0.032247662044501774,Trail,1
2025-08-21 07:54:00,2025-08-21 07:55:00,3101.0,3102.5,Short,-15000.0,-0.04837149306675266,SL,1
2025-08-21 07:56:00,2025-08-21 07:57:00,3101.0,3101.5,Short,-5000.0,-0.016123831022250887,Trail,1
2025-08-21 07:58:00,2025-08-21 08:01:00,3099.5,3085.0,Short,145000.0,0.467817389901597,TP,3
2025-08-21 08:02:00,2025-08-21 08:03:00,3090.5,3092.0,Short,-15000.0,-0.04853583562530335,Trail,1
2025-08-21 08:04:00,2025-08-21 08:05:00,3090.0,3093.5,Short,-35000.0,-0.11326860841423948,SL,1
2025-08-21 08:06:00,2025-08-21 08:07:00,3094.0,3095.0,Short,-10000.0,-0.03232062055591467,Trail,1
2025-08-21 08:08:00,2025-08-21 08:12:00,3093.5,3097.5,Short,-40000.0,-0.12930337805075157,SL,4
2025-08-21 08:13:00,2025-08-21 08:22:00,3093.5,3082.5,Short,110000.0,0.35558428963956684,TP,9
2025-08-22 04:55:00,2025-08-22 07:46:00,3089.0,3088.5,Short,5000.0,0.01618646811265782,TP,1
2025-08-22 07:47:00,2025-08-22 07:48:00,3090.5,3090.5,Short,-0.0,-0.0,Trail,1
2025-08-22 07:49:00,2025-08-22 07:50:00,3091.0,3091.0,Short,-0.0,-0.0,Trail,1
2025-08-22 07:51:00,2025-08-22 07:54:00,3092.0,3088.5,Short,35000.0,0.11319534282018111,TP,3
2025-08-22 07:55:00,2025-08-22 07:58:00,3088.0,3089.0,Short,-10000.0,-0.032383419689119175,Trail,3
2025-08-22 07:59:00,2025-08-22 08:00:00,3088.5,3088.5,Short,-0.0,-0.0,Trail,1
2025-08-22 08:01:00,2025-08-22 08:02:00,3094.5,3097.5,Short,-30000.0,-0.09694619486185167,SL,1
2025-08-22 08:03:00,2025-08-22 08:04:00,3096.5,3099.5,Short,-30000.0,-0.09688357823348942,SL,1
2025-08-22 08:05:00,2025-08-22 08:08:00,3094.0,3093.0,Short,10000.0,0.03232062055591467,Trail,3
2025-08-22 08:09:00,2025-08-22 08:15:00,3094.0,3081.5,Short,125000.0,0.4040077569489335,TP,6
2025-08-22 08:16:00,2025-08-22 08:17:00,3079.5,3081.5,Short,-20000.0,-0.0649456080532554,Trail,1
2025-08-22 08:42:00,2025-08-22 08:55:00,3094.0,3096.0,Short,-20000.0,-0.06464124111182934,SL,13
2025-08-22 08:56:00,2025-08-22 08:57:00,3093.5,3096.0,Short,-25000.0,-0.08081461128171974,SL,1
2025-08-22 08:58:00,2025-08-22 08:59:00,3096.5,3097.0,Short,-5000.0,-0.016147263038914905,Trail,1
2025-08-23 04:44:00,2025-08-23 04:45:00,3111.5,3111.5,Short,-0.0,-0.0,Trail,1
2025-08-23 04:46:00,2025-08-23 04:47:00,3111.5,3111.5,Short,-0.0,-0.0,Trail,1
2025-08-23 04:48:00,2025-08-23 04:49:00,3110.0,3110.5,Short,-5000.0,-0.01607717041800643,SL,1
2025-08-23 04:50:00,2025-08-23 04:51:00,3110.5,3110.5,Short,-0.0,-0.0,Trail,1
2025-08-23 04:52:00,2025-08-23 04:54:00,3110.5,3110.5,Short,-0.0,-0.0,Trail,1
2025-08-23 04:55:00,2025-08-25 07:46:00,3110.5,3117.0,Short,-65000.0,-0.2089696190323099,SL,1
2025-08-25 07:47:00,2025-08-25 07:48:00,3112.5,3107.0,Short,55000.0,0.17670682730923695,TP,1
2025-08-25 07:49:00,2025-08-25 07:50:00,3106.0,3106.5,Short,-5000.0,-0.016097875080489377,Trail,1
2025-08-25 07:51:00,2025-08-25 07:52:00,3108.5,3110.5,Short,-20000.0,-0.0643397136882741,Trail,1
2025-08-25 07:53:00,2025-08-25 07:59:00,3111.5,3115.0,Short,-35000.0,-0.11248593925759282,SL,6
2025-08-25 08:00:00,2025-08-25 08:01:00,3118.0,3123.5,Short,-55000.0,-0.1763951250801796,SL,1
2025-08-25 08:02:00,2025-08-25 08:05:00,3126.0,3127.5,Short,-15000.0,-0.04798464491362764,Trail,3
2025-08-25 08:06:00,2025-08-25 08:15:00,3123.0,3110.0,Short,130000.0,0.4162664105027218,TP,9
2025-08-25 08:44:00,2025-08-25 08:45:00,3115.5,3115.5,Short,-0.0,-0.0,Trail,1
2025-08-26 04:41:00,2025-08-26 04:42:00,3090.0,3090.0,Short,-0.0,-0.0,Trail,1
2025-08-26 04:45:00,2025-08-26 04:46:00,3090.0,3090.0,Short,-0.0,-0.0,Trail,1
2025-08-26 04:48:00,2025-08-26 04:49:00,3090.0,3090.0,Short,-0.0,-0.0,Trail,1
2025-08-26 04:50:00,2025-08-26 04:51:00,3090.5,3090.0,Short,5000.0,0.016178611875101116,TP,1
2025-08-26 04:52:00,2025-08-26 04:55:00,3090.0,3090.0,Short,-0.0,-0.0,Trail,1
2025-08-26 07:46:00,2025-08-26 07:49:00,3097.0,3097.5,Short,-5000.0,-0.01614465611882467,Trail,3
2025-08-26 07:50:00,2025-08-26 07:51:00,3098.0,3098.0,Short,-0.0,-0.0,Trail,1
2025-08-26 07:52:00,2025-08-26 07:53:00,3097.5,3098.5,Short,-10000.0,-0.032284100080710254,Trail,1
2025-08-26 07:54:00,2025-08-26 07:55:00,3098.5,3099.5,Short,-10000.0,-0.032273680813296755,Trail,1
2025-08-26 07:56:00,2025-08-26 08:02:00,3099.5,3099.5,Short,-0.0,-0.0,Trail,6
2025-08-26 08:03:00,2025-08-26 08:05:00,3095.0,3084.0,Short,110000.0,0.3554119547657512,TP,2
2025-08-26 08:06:00,2025-08-26 08:07:00,3091.5,3092.0,Short,-5000.0,-0.016173378618793467,Trail,1
2025-08-26 08:08:00,2025-08-26 08:09:00,3090.0,3092.0,Short,-20000.0,-0.06472491909385113,Trail,1
2025-08-26 08:10:00,2025-08-26 08:21:00,3094.0,3081.5,Short,125000.0,0.4040077569489335,TP,11
2025-08-26 08:54:00,2025-08-26 08:55:00,3064.5,3067.5,Short,-30000.0,-0.09789525208027411,SL,1
2025-08-26 08:58:00,2025-08-26 09:05:00,3071.0,3072.5,Short,-15000.0,-0.04884402474763921,Trail,7
2025-08-27 04:41:00,2025-08-27 04:42:00,3079.5,3079.5,Short,-0.0,-0.0,Trail,1
2025-08-27 04:55:00,2025-08-27 07:46:00,3080.0,3077.5,Short,25000.0,0.08116883116883117,TP,1
2025-08-27 07:47:00,2025-08-27 07:48:00,3076.5,3078.5,Short,-20000.0,-0.06500893872907525,SL,1
2025-08-27 07:49:00,2025-08-27 07:52:00,3079.0,3076.5,Short,25000.0,0.08119519324455993,TP,3
2025-08-27 07:53:00,2025-08-27 07:54:00,3076.0,3076.0,Short,-0.0,-0.0,Trail,1
2025-08-27 07:55:00,2025-08-27 08:01:00,3076.0,3068.0,Short,80000.0,0.26007802340702213,TP,6
2025-08-27 08:02:00,2025-08-27 08:08:00,3065.0,3067.5,Short,-25000.0,-0.08156606851549755,SL,6
2025-08-27 08:09:00,2025-08-27 08:10:00,3064.0,3065.5,Short,-15000.0,-0.048955613577023493,Trail,1
2025-08-27 08:11:00,2025-08-27 08:12:00,3066.5,3069.0,Short,-25000.0,-0.08152616990053807,Trail,1
2025-08-27 08:13:00,2025-08-27 08:14:00,3072.0,3073.0,Short,-10000.0,-0.03255208333333333,Trail,1
2025-08-27 08:15:00,2025-08-27 08:39:00,3071.0,3061.5,Short,95000.0,0.30934549006838163,TP,24
2025-08-28 04:22:00,2025-08-28 04:23:00,3059.5,3059.5,Short,-0.0,-0.0,Trail,1
2025-08-28 04:39:00,2025-08-28 04:40:00,3067.5,3067.5,Short,-0.0,-0.0,Trail,1
2025-08-28 04:41:00,2025-08-28 07:46:00,3068.0,3061.0,Short,70000.0,0.22816166883963493,TP,15
2025-08-28 07:47:00,2025-08-28 07:53:00,3064.0,3062.0,Short,20000.0,0.06527415143603134,Trail,6
2025-08-28 07:54:00,2025-08-28 07:58:00,3060.0,3062.0,Short,-20000.0,-0.065359477124183,SL,4
2025-08-28 07:59:00,2025-08-28 08:00:00,3060.5,3061.0,Short,-5000.0,-0.016337199803953602,Trail,1
2025-08-28 08:04:00,2025-08-28 08:07:00,3067.5,3069.0,Short,-15000.0,-0.04889975550122249,Trail,3
2025-08-28 08:08:00,2025-08-28 08:09:00,3072.0,3073.0,Short,-10000.0,-0.03255208333333333,Trail,1
2025-08-28 08:10:00,2025-08-28 08:12:00,3076.5,3076.5,Short,-0.0,-0.0,Trail,2
2025-08-28 08:13:00,2025-08-28 08:18:00,3079.5,3068.0,Short,115000.0,0.37343724630621855,TP,5
2025-08-28 08:19:00,2025-08-28 08:20:00,3065.5,3068.0,Short,-25000.0,-0.08155276463872126,Trail,1
2025-08-28 08:21:00,2025-08-28 08:22:00,3067.0,3069.0,Short,-20000.0,-0.06521030322791001,Trail,1
2025-08-28 08:23:00,2025-08-28 08:28:00,3071.5,3072.0,Short,-5000.0,-0.016278691193228063,Trail,5
2025-08-28 08:33:00,2025-08-28 08:37:00,3075.0,3075.0,Short,-0.0,-0.0,Trail,4
2025-08-28 08:38:00,2025-08-28 08:49:00,3077.0,3078.0,Short,-10000.0,-0.032499187520311994,Trail,11
2025-08-28 08:50:00,2025-08-28 08:56:00,3076.5,3075.5,Short,10000.0,0.03250446936453762,Trail,6
2025-08-28 14:40:00,2025-08-28 16:01:00,3098.0,3098.5,Short,-5000.0,-0.01613944480309877,Trail,1
2025-08-29 04:55:00,2025-08-29 07:46:00,3084.5,3082.0,Short,25000.0,0.08105041335710812,TP,1
2025-08-29 07:47:00,2025-08-29 07:49:00,3082.5,3079.5,Short,30000.0,0.09732360097323602,TP,2
2025-08-29 07:50:00,2025-08-29 07:51:00,3079.0,3079.0,Short,-0.0,-0.0,Trail,1
2025-08-29 07:52:00,2025-08-29 08:00:00,3078.5,3080.0,Short,-15000.0,-0.04872502842293325,SL,8
2025-08-29 08:01:00,2025-08-29 08:10:00,3080.0,3078.5,Short,15000.0,0.048701298701298704,Trail,9
2025-08-30 04:41:00,2025-08-30 04:42:00,3047.5,3047.5,Short,-0.0,-0.0,Trail,1
2025-08-30 04:43:00,2025-08-30 04:44:00,3047.5,3047.0,Short,5000.0,0.016406890894175553,TP,1
2025-08-30 04:50:00,2025-08-30 04:51:00,3047.5,3047.5,Short,-0.0,-0.0,Trail,1
2025-08-30 04:52:00,2025-08-30 04:53:00,3047.5,3047.5,Short,-0.0,-0.0,Trail,1
2025-08-30 04:54:00,2025-08-30 04:55:00,3047.5,3048.5,Short,-10000.0,-0.03281378178835111,SL,1
2025-09-01 07:46:00,2025-09-01 07:48:00,3055.0,3055.5,Short,-5000.0,-0.016366612111292964,Trail,2
2025-09-01 07:49:00,2025-09-01 07:53:00,3057.5,3053.5,Short,40000.0,0.13082583810302534,TP,4
2025-09-01 07:54:00,2025-09-01 08:00:00,3054.0,3059.0,Short,-50000.0,-0.16371971185330714,SL,6
2025-09-01 08:01:00,2025-09-01 08:02:00,3054.5,3055.5,Short,-10000.0,-0.03273858241938124,Trail,1
2025-09-01 08:03:00,2025-09-01 08:04:00,3054.0,3061.5,Short,-75000.0,-0.2455795677799607,SL,1
2025-09-01 08:05:00,2025-09-01 08:06:00,3062.5,3067.5,Short,-50000.0,-0.163265306122449,SL,1
2025-09-01 08:07:00,2025-09-01 08:08:00,3072.5,3072.5,Short,-0.0,-0.0,Trail,1
2025-09-01 08:09:00,2025-09-01 08:14:00,3073.5,3078.5,Short,-50000.0,-0.16268098259313485,SL,5
2025-09-01 08:15:00,2025-09-01 08:16:00,3075.0,3077.0,Short,-20000.0,-0.06504065040650406,Trail,1
2025-09-01 08:17:00,2025-09-01 08:43:00,3078.5,3079.0,Short,-5000.0,-0.016241676140977747,Trail,26
2025-09-01 08:44:00,2025-09-01 08:45:00,3079.0,3079.5,Short,-5000.0,-0.016239038648911984,Trail,1
2025-09-01 08:46:00,2025-09-01 08:47:00,3080.0,3080.0,Short,-0.0,-0.0,Trail,1
2025-09-01 08:48:00,2025-09-01 09:02:00,3080.0,3074.5,Short,55000.0,0.17857142857142858,TP,14
2025-09-02 07:46:00,2025-09-02 07:47:00,3073.5,3072.0,Short,15000.0,0.04880429477794046,TP,1
2025-09-02 07:48:00,2025-09-02 07:55:00,3071.0,3072.0,Short,-10000.0,-0.0325626831650928,SL,7
2025-09-02 07:56:00,2025-09-02 07:57:00,3071.0,3071.0,Short,-0.0,-0.0,Trail,1
2025-09-02 07:58:00,2025-09-02 07:59:00,3071.5,3072.5,Short,-10000.0,-0.03255738238645613,Trail,1
2025-09-02 08:01:00,2025-09-02 08:06:00,3075.5,3070.0,Short,55000.0,0.17883271012843438,TP,5
2025-09-02 08:47:00,2025-09-02 08:48:00,3077.0,3077.5,Short,-5000.0,-0.016249593760155997,Trail,1
2025-09-02 08:49:00,2025-09-02 09:01:00,3077.0,3078.0,Short,-10000.0,-0.032499187520311994,Trail,12
2025-09-02 14:30:00,2025-09-02 14:31:00,3082.5,3084.0,Short,-15000.0,-0.04866180048661801,SL,1
2025-09-02 21:51:00,2025-09-02 21:52:00,3060.5,3061.5,Short,-10000.0,-0.032674399607907204,Trail,1
2025-09-02 21:53:00,2025-09-02 21:54:00,3061.0,3061.5,Short,-5000.0,-0.01633453119895459,Trail,1
2025-09-02 21:55:00,2025-09-02 21:56:00,3063.5,3064.5,Short,-10000.0,-0.03264240248082259,Trail,1
2025-09-02 21:59:00,2025-09-02 22:00:00,3065.0,3065.0,Short,-0.0,-0.0,Trail,1
2025-09-03 04:42:00,2025-09-03 04:43:00,3076.0,3076.0,Short,-0.0,-0.0,Trail,1
2025-09-03 04:44:00,2025-09-03 04:45:00,3076.0,3076.0,Short,-0.0,-0.0,Trail,1
2025-09-03 04:55:00,2025-09-03 07:46:00,3076.5,3075.0,Short,15000.0,0.04875670404680643,TP,1
2025-09-03 07:47:00,2025-09-03 07:49:00,3077.0,3077.5,Short,-5000.0,-0.016249593760155997,Trail,2
2025-09-03 07:50:00,2025-09-03 07:51:00,3077.5,3078.0,Short,-5000.0,-0.016246953696181964,Trail,1
2025-09-03 07:52:00,2025-09-03 08:00:00,3076.0,3075.5,Short,5000.0,0.016254876462938883,Trail,8
2025-09-03 08:04:00,2025-09-03 08:05:00,3074.0,3077.5,Short,-35000.0,-0.11385816525699415,SL,1
2025-09-03 08:06:00,2025-09-03 08:29:00,3076.0,3075.0,Short,10000.0,0.032509752925877766,Trail,23
2025-09-03 08:44:00,2025-09-03 08:45:00,3077.5,3078.0,Short,-5000.0,-0.016246953696181964,Trail,1
2025-09-03 14:40:00,2025-09-03 16:01:00,3053.5,3058.0,Short,-45000.0,-0.14737186834779759,SL,1
2025-09-04 04:36:00,2025-09-04 04:39:00,3063.0,3062.5,Short,5000.0,0.01632386549134835,TP,1
2025-09-04 04:40:00,2025-09-04 04:42:00,3062.5,3062.0,Short,5000.0,0.0163265306122449,TP,1
2025-09-04 04:43:00,2025-09-04 04:44:00,3062.0,3062.0,Short,-0.0,-0.0,Trail,1
2025-09-04 04:45:00,2025-09-04 04:46:00,3062.5,3062.5,Short,-0.0,-0.0,Trail,1
2025-09-04 04:47:00,2025-09-04 04:49:00,3062.5,3063.0,Short,-5000.0,-0.0163265306122449,SL,1
2025-09-04 04:50:00,2025-09-04 07:46:00,3063.0,3058.5,Short,45000.0,0.14691478942213515,TP,4
2025-09-04 07:47:00,2025-09-04 07:50:00,3059.5,3059.5,Short,-0.0,-0.0,Trail,3
2025-09-04 07:51:00,2025-09-04 07:57:00,3060.5,3059.5,Short,10000.0,0.032674399607907204,Trail,6
2025-09-04 07:58:00,2025-09-04 08:01:00,3059.0,3058.5,Short,5000.0,0.016345210853220007,Trail,3
2025-09-04 08:06:00,2025-09-04 08:07:00,3065.0,3065.5,Short,-5000.0,-0.01631321370309951,Trail,1
2025-09-04 08:08:00,2025-09-04 08:09:00,3065.0,3065.0,Short,-0.0,-0.0,Trail,1
2025-09-04 08:10:00,2025-09-04 08:15:00,3065.0,3065.5,Short,-5000.0,-0.01631321370309951,Trail,5
2025-09-04 08:16:00,2025-09-04 08:20:00,3067.5,3071.0,Short,-35000.0,-0.11409942950285248,SL,4
2025-09-04 08:21:00,2025-09-04 08:22:00,3070.5,3072.0,Short,-15000.0,-0.048851978505129456,Trail,1
2025-09-04 08:23:00,2025-09-04 08:35:00,3072.0,3070.5,Short,15000.0,0.048828125,Trail,12
2025-09-04 08:39:00,2025-09-04 08:40:00,3069.5,3070.0,Short,-5000.0,-0.01628929793125916,Trail,1
2025-09-04 08:50:00,2025-09-04 08:51:00,3072.5,3073.0,Short,-5000.0,-0.016273393002441006,Trail,1
2025-09-04 08:52:00,2025-09-04 08:53:00,3073.5,3074.0,Short,-5000.0,-0.01626809825931349,Trail,1
2025-09-04 08:54:00,2025-09-04 09:07:00,3072.5,3068.0,Short,45000.0,0.14646053702196907,TP,13
2025-09-05 04:39:00,2025-09-05 04:40:00,3100.5,3100.5,Short,-0.0,-0.0,Trail,1
2025-09-05 04:41:00,2025-09-05 04:44:00,3100.5,3100.5,Short,-0.0,-0.0,Trail,2
2025-09-05 04:45:00,2025-09-05 04:46:00,3100.5,3100.5,Short,-0.0,-0.0,Trail,1
2025-09-05 04:47:00,2025-09-05 04:48:00,3100.0,3100.0,Short,-0.0,-0.0,Trail,1
2025-09-05 04:49:00,2025-09-05 04:50:00,3100.5,3100.5,Short,-0.0,-0.0,Trail,1
2025-09-05 04:51:00,2025-09-05 04:52:00,3100.5,3100.5,Short,-0.0,-0.0,Trail,1
2025-09-05 04:55:00,2025-09-05 07:46:00,3100.0,3102.5,Short,-25000.0,-0.08064516129032258,SL,1
2025-09-05 07:47:00,2025-09-05 07:49:00,3100.0,3100.5,Short,-5000.0,-0.016129032258064516,Trail,2
2025-09-05 07:50:00,2025-09-05 07:51:00,3101.0,3102.5,Short,-15000.0,-0.04837149306675266,SL,1
2025-09-05 07:52:00,2025-09-05 07:59:00,3101.5,3102.0,Short,-5000.0,-0.016121231662098983,Trail,7
2025-09-05 08:00:00,2025-09-05 08:01:00,3103.5,3108.0,Short,-45000.0,-0.14499758337361043,SL,1
2025-09-05 08:02:00,2025-09-05 08:03:00,3108.5,3109.0,Short,-5000.0,-0.016084928422068524,Trail,1
2025-09-05 08:04:00,2025-09-05 08:06:00,3107.5,3107.5,Short,-0.0,-0.0,Trail,2
2025-09-05 08:07:00,2025-09-05 08:09:00,3106.0,3109.5,Short,-35000.0,-0.11268512556342562,SL,2
2025-09-05 08:10:00,2025-09-05 08:18:00,3111.0,3110.0,Short,10000.0,0.03214400514304082,Trail,8
2025-09-05 08:19:00,2025-09-05 08:20:00,3110.5,3112.5,Short,-20000.0,-0.06429834431763383,Trail,1
2025-09-05 08:21:00,2025-09-05 08:28:00,3110.0,3107.5,Short,25000.0,0.08038585209003216,Trail,7
2025-09-05 08:39:00,2025-09-05 08:42:00,3109.5,3101.0,Short,85000.0,0.2733558449911561,TP,3
2025-09-05 08:44:00,2025-09-05 08:45:00,3101.0,3101.5,Short,-5000.0,-0.016123831022250887,Trail,1
2025-09-05 08:53:00,2025-09-05 08:54:00,3096.5,3096.5,Short,-0.0,-0.0,Trail,1
2025-09-05 14:40:00,2025-09-05 16:05:00,3109.5,3108.0,Short,15000.0,0.0482392667631452,Trail,5
2025-09-05 20:32:00,2025-09-05 20:33:00,3107.0,3107.0,Short,-0.0,-0.0,Trail,1
2025-09-06 04:36:00,2025-09-06 04:37:00,3096.0,3096.0,Short,-0.0,-0.0,Trail,1
2025-09-06 04:39:00,2025-09-06 04:40:00,3096.0,3096.0,Short,-0.0,-0.0,Trail,1
2025-09-06 04:41:00,2025-09-06 04:42:00,3096.0,3095.5,Short,5000.0,0.016149870801033594,TP,1
2025-09-06 04:43:00,2025-09-06 04:44:00,3095.0,3095.0,Short,-0.0,-0.0,Trail,1
2025-09-06 04:45:00,2025-09-06 04:47:00,3095.0,3095.0,Short,-0.0,-0.0,Trail,1
2025-09-06 04:48:00,2025-09-06 04:49:00,3095.0,3095.0,Short,-0.0,-0.0,Trail,1
2025-09-06 04:50:00,2025-09-06 04:51:00,3095.5,3095.5,Short,-0.0,-0.0,Trail,1
2025-09-06 04:52:00,2025-09-06 04:53:00,3096.5,3096.5,Short,-0.0,-0.0,Trail,1
2025-09-06 04:55:00,2025-09-08 07:46:00,3095.5,3137.0,Short,-415000.0,-1.340655790663867,SL,1
2025-09-08 07:47:00,2025-09-08 08:04:00,3135.5,3120.0,Short,155000.0,0.49433902088981024,TP,17
2025-09-08 08:05:00,2025-09-08 08:06:00,3125.5,3131.0,Short,-55000.0,-0.17597184450487924,SL,1
2025-09-08 08:07:00,2025-09-08 08:08:00,3125.0,3126.0,Short,-10000.0,-0.032,Trail,1
2025-09-08 08:09:00,2025-09-08 08:10:00,3130.5,3132.0,Short,-15000.0,-0.04791566842357451,Trail,1
2025-09-08 08:11:00,2025-09-08 08:16:00,3127.0,3129.0,Short,-20000.0,-0.06395906619763352,Trail,5
2025-09-08 08:17:00,2025-09-08 08:24:00,3132.0,3134.5,Short,-25000.0,-0.07982120051085569,Trail,7
2025-09-08 08:25:00,2025-09-08 08:26:00,3134.5,3135.0,Short,-5000.0,-0.01595150741745095,Trail,1
2025-09-08 08:27:00,2025-09-08 08:28:00,3136.0,3136.0,Short,-0.0,-0.0,Trail,1
2025-09-08 08:29:00,2025-09-08 08:34:00,3139.0,3141.0,Short,-20000.0,-0.06371455877668047,Trail,5
2025-09-08 08:35:00,2025-09-08 08:42:00,3141.5,3142.0,Short,-5000.0,-0.01591596371160274,Trail,7
2025-09-08 08:43:00,2025-09-08 08:49:00,3142.0,3135.5,Short,65000.0,0.2068746021642266,TP,6
2025-09-08 08:50:00,2025-09-08 08:51:00,3136.0,3136.5,Short,-5000.0,-0.01594387755102041,Trail,1
2025-09-08 08:53:00,2025-09-08 08:54:00,3136.5,3136.5,Short,-0.0,-0.0,Trail,1
2025-09-09 04:36:00,2025-09-09 04:37:00,3163.0,3163.5,Short,-5000.0,-0.015807777426493835,SL,1
2025-09-09 04:38:00,2025-09-09 04:43:00,3163.5,3163.5,Short,-0.0,-0.0,Trail,1
2025-09-09 04:44:00,2025-09-09 04:47:00,3163.0,3163.0,Short,-0.0,-0.0,Trail,3
2025-09-09 04:48:00,2025-09-09 04:50:00,3163.0,3163.5,Short,-5000.0,-0.015807777426493835,SL,1
2025-09-09 04:51:00,2025-09-09 04:52:00,3163.5,3163.5,Short,-0.0,-0.0,Trail,1
2025-09-09 04:53:00,2025-09-09 04:54:00,3163.0,3163.5,Short,-5000.0,-0.015807777426493835,SL,1
2025-09-09 04:55:00,2025-09-09 07:46:00,3162.0,3157.5,Short,45000.0,0.14231499051233396,TP,1
2025-09-09 07:47:00,2025-09-09 07:49:00,3157.0,3157.0,Short,-0.0,-0.0,Trail,2
2025-09-09 07:50:00,2025-09-09 08:00:00,3156.0,3152.0,Short,40000.0,0.12674271229404308,TP,10
2025-09-09 08:01:00,2025-09-09 08:02:00,3146.5,3150.0,Short,-35000.0,-0.11123470522803114,SL,1
2025-09-09 08:40:00,2025-09-09 08:43:00,3156.5,3157.5,Short,-10000.0,-0.031680658957706324,Trail,3
2025-09-09 08:44:00,2025-09-09 08:45:00,3158.0,3158.5,Short,-5000.0,-0.015832805573147563,Trail,1
2025-09-09 08:46:00,2025-09-09 08:47:00,3159.0,3159.5,Short,-5000.0,-0.015827793605571384,Trail,1
2025-09-09 08:48:00,2025-09-09 08:52:00,3160.0,3161.5,Short,-15000.0,-0.04746835443037974,SL,4
2025-09-09 08:53:00,2025-09-09 08:54:00,3162.0,3162.0,Short,-0.0,-0.0,Trail,1
2025-09-09 08:55:00,2025-09-09 08:56:00,3162.5,3162.5,Short,-0.0,-0.0,Trail,1
2025-09-10 04:44:00,2025-09-10 04:46:00,3135.0,3134.0,Short,10000.0,0.03189792663476874,TP,2
2025-09-10 04:47:00,2025-09-10 04:48:00,3134.5,3135.0,Short,-5000.0,-0.01595150741745095,SL,1
2025-09-10 04:49:00,2025-09-10 04:50:00,3135.0,3136.0,Short,-10000.0,-0.03189792663476874,SL,1
2025-09-10 04:51:00,2025-09-10 04:52:00,3135.5,3135.5,Short,-0.0,-0.0,Trail,1
2025-09-10 04:54:00,2025-09-10 04:55:00,3135.0,3136.0,Short,-10000.0,-0.03189792663476874,SL,1
2025-09-10 07:46:00,2025-09-10 07:47:00,3126.5,3128.0,Short,-15000.0,-0.04797697105389413,SL,1
2025-09-10 07:48:00,2025-09-10 07:50:00,3128.5,3130.0,Short,-15000.0,-0.0479463001438389,SL,2
2025-09-10 07:51:00,2025-09-10 07:52:00,3128.0,3128.0,Short,-0.0,-0.0,Trail,1
2025-09-10 07:53:00,2025-09-10 07:54:00,3128.0,3128.0,Short,-0.0,-0.0,Trail,1
2025-09-10 07:55:00,2025-09-10 07:57:00,3127.5,3122.0,Short,55000.0,0.17585931254996,TP,2
2025-09-10 07:58:00,2025-09-10 07:59:00,3123.0,3124.0,Short,-10000.0,-0.032020493115593976,Trail,1
2025-09-10 08:00:00,2025-09-10 08:01:00,3124.5,3124.5,Short,-0.0,-0.0,Trail,1
2025-09-10 08:02:00,2025-09-10 08:03:00,3127.0,3127.5,Short,-5000.0,-0.01598976654940838,Trail,1
2025-09-10 08:40:00,2025-09-10 08:43:00,3134.0,3135.0,Short,-10000.0,-0.031908104658583285,Trail,3
2025-09-10 08:44:00,2025-09-10 08:45:00,3135.5,3135.5,Short,-0.0,-0.0,Trail,1
2025-09-10 08:47:00,2025-09-10 08:48:00,3132.5,3133.0,Short,-5000.0,-0.01596169193934557,Trail,1
2025-09-10 08:49:00,2025-09-10 08:50:00,3134.5,3135.0,Short,-5000.0,-0.01595150741745095,Trail,1
2025-09-10 08:51:00,2025-09-10 08:52:00,3135.0,3135.0,Short,-0.0,-0.0,Trail,1
2025-09-10 08:53:00,2025-09-10 08:56:00,3135.0,3131.5,Short,35000.0,0.11164274322169059,TP,3
2025-09-11 04:36:00,2025-09-11 04:37:00,3117.0,3117.0,Short,-0.0,-0.0,Trail,1
2025-09-11 04:42:00,2025-09-11 04:43:00,3116.0,3116.0,Short,-0.0,-0.0,Trail,1
2025-09-11 04:44:00,2025-09-11 04:47:00,3116.0,3114.5,Short,15000.0,0.04813863928112966,TP,2
2025-09-11 04:48:00,2025-09-11 04:49:00,3114.0,3114.0,Short,-0.0,-0.0,Trail,1
2025-09-11 04:50:00,2025-09-11 04:51:00,3112.5,3115.0,Short,-25000.0,-0.08032128514056225,SL,1
2025-09-11 04:52:00,2025-09-11 07:46:00,3115.0,3117.5,Short,-25000.0,-0.08025682182985554,SL,2
2025-09-11 07:47:00,2025-09-11 07:48:00,3113.5,3113.5,Short,-0.0,-0.0,Trail,1
2025-09-11 07:49:00,2025-09-11 08:04:00,3114.0,3115.0,Short,-10000.0,-0.03211303789338471,Trail,15
2025-09-11 08:08:00,2025-09-11 08:10:00,3118.0,3106.5,Short,115000.0,0.36882617062219375,TP,2
2025-09-11 08:11:00,2025-09-11 08:22:00,3108.0,3111.0,Short,-30000.0,-0.09652509652509653,Trail,11
2025-09-11 08:39:00,2025-09-11 08:40:00,3117.5,3117.5,Short,-0.0,-0.0,Trail,1
2025-09-11 08:41:00,2025-09-11 08:48:00,3118.0,3119.5,Short,-15000.0,-0.04810776138550353,SL,7
2025-09-11 08:49:00,2025-09-11 08:50:00,3119.0,3119.0,Short,-0.0,-0.0,Trail,1
2025-09-11 08:51:00,2025-09-11 08:55:00,3120.0,3120.0,Short,-0.0,-0.0,Trail,4
2025-09-11 08:56:00,2025-09-11 08:59:00,3120.0,3121.0,Short,-10000.0,-0.03205128205128205,Trail,3
2025-09-11 13:17:00,2025-09-11 13:24:00,3109.0,3111.5,Short,-25000.0,-0.08041170794467674,SL,7
2025-09-12 04:39:00,2025-09-12 04:40:00,3146.0,3146.5,Short,-5000.0,-0.01589319771137953,SL,1
2025-09-12 04:42:00,2025-09-12 04:43:00,3146.0,3147.0,Short,-10000.0,-0.03178639542275906,SL,1
2025-09-12 04:44:00,2025-09-12 04:50:00,3147.0,3146.5,Short,5000.0,0.01588814744200826,Trail,3
2025-09-12 04:51:00,2025-09-12 04:52:00,3146.5,3147.0,Short,-5000.0,-0.01589067217543302,SL,1
2025-09-12 04:53:00,2025-09-12 04:54:00,3147.0,3147.0,Short,-0.0,-0.0,Trail,1
2025-09-12 04:55:00,2025-09-12 07:46:00,3146.0,3143.5,Short,25000.0,0.07946598855689765,TP,1
2025-09-12 07:47:00,2025-09-12 07:48:00,3144.5,3142.5,Short,20000.0,0.06360311655271109,TP,1
2025-09-12 07:49:00,2025-09-12 07:51:00,3145.0,3145.5,Short,-5000.0,-0.01589825119236884,Trail,2
2025-09-12 07:52:00,2025-09-12 07:58:00,3147.0,3147.5,Short,-5000.0,-0.01588814744200826,Trail,6
2025-09-12 07:59:00,2025-09-12 08:01:00,3146.5,3140.5,Short,60000.0,0.19068806610519623,TP,2
2025-09-12 08:02:00,2025-09-12 08:03:00,3145.0,3148.5,Short,-35000.0,-0.11128775834658187,SL,1
2025-09-12 08:04:00,2025-09-12 08:34:00,3142.0,3139.0,Short,30000.0,0.09548058561425843,Trail,30
2025-09-12 14:31:00,2025-09-12 14:32:00,3138.5,3138.5,Short,-0.0,-0.0,Trail,1
2025-09-13 04:51:00,2025-09-13 04:52:00,3130.5,3131.0,Short,-5000.0,-0.015971889474524836,SL,1
2025-09-13 04:53:00,2025-09-13 04:54:00,3131.0,3131.0,Short,-0.0,-0.0,Trail,1
2025-09-13 04:55:00,2025-09-16 07:46:00,3130.0,3140.5,Short,-105000.0,-0.3354632587859425,SL,1
2025-09-16 07:47:00,2025-09-16 07:48:00,3142.0,3143.5,Short,-15000.0,-0.047740292807129214,SL,1
2025-09-16 07:49:00,2025-09-16 07:50:00,3142.5,3142.5,Short,-0.0,-0.0,Trail,1
2025-09-16 07:51:00,2025-09-16 07:56:00,3143.5,3138.0,Short,55000.0,0.17496421186575473,TP,5
2025-09-16 07:57:00,2025-09-16 07:58:00,3140.0,3141.0,Short,-10000.0,-0.03184713375796178,Trail,1
2025-09-16 07:59:00,2025-09-16 08:00:00,3141.5,3143.5,Short,-20000.0,-0.06366385484641096,Trail,1
2025-09-16 08:01:00,2025-09-16 08:02:00,3140.5,3146.5,Short,-60000.0,-0.1910523801942366,SL,1
2025-09-16 08:03:00,2025-09-16 08:07:00,3144.5,3143.0,Short,15000.0,0.047702337414533315,Trail,4
2025-09-16 08:08:00,2025-09-16 08:32:00,3145.5,3133.5,Short,120000.0,0.3814973772055317,TP,24
2025-09-16 09:49:00,2025-09-16 09:50:00,3149.0,3150.0,Short,-10000.0,-0.031756113051762465,Trail,1
2025-09-16 09:51:00,2025-09-16 09:52:00,3149.5,3150.5,Short,-10000.0,-0.031751071598666455,Trail,1
2025-09-16 09:53:00,2025-09-16 09:54:00,3148.0,3148.0,Short,-0.0,-0.0,Trail,1
2025-09-16 09:56:00,2025-09-16 09:57:00,3151.0,3152.0,Short,-10000.0,-0.031735956839098696,Trail,1
2025-09-16 09:58:00,2025-09-16 09:59:00,3151.5,3152.0,Short,-5000.0,-0.015865460891638903,Trail,1
2025-09-17 04:51:00,2025-09-17 04:52:00,3131.0,3131.0,Short,-0.0,-0.0,Trail,1
2025-09-17 04:53:00,2025-09-17 04:54:00,3131.0,3131.0,Short,-0.0,-0.0,Trail,1
2025-09-17 04:55:00,2025-09-17 07:46:00,3129.5,3131.0,Short,-15000.0,-0.047930979389678864,SL,1
2025-09-17 07:47:00,2025-09-17 07:48:00,3129.5,3132.5,Short,-30000.0,-0.09586195877935773,SL,1
2025-09-17 07:49:00,2025-09-17 07:50:00,3131.0,3131.5,Short,-5000.0,-0.015969338869370808,Trail,1
2025-09-17 07:51:00,2025-09-17 07:52:00,3133.0,3133.0,Short,-0.0,-0.0,Trail,1
2025-09-17 07:53:00,2025-09-17 07:55:00,3134.0,3135.0,Short,-10000.0,-0.031908104658583285,Trail,2
2025-09-17 07:56:00,2025-09-17 07:57:00,3135.5,3136.5,Short,-10000.0,-0.03189284005740711,Trail,1
2025-09-17 07:58:00,2025-09-17 08:01:00,3136.0,3124.5,Short,115000.0,0.3667091836734694,TP,3
2025-09-17 08:05:00,2025-09-17 08:06:00,3123.0,3123.0,Short,-0.0,-0.0,Trail,1
2025-09-17 08:18:00,2025-09-17 08:21:00,3114.5,3118.0,Short,-35000.0,-0.11237758869802536,SL,3
2025-09-17 08:53:00,2025-09-17 08:54:00,3119.0,3120.5,Short,-15000.0,-0.04809233728759218,SL,1
2025-09-17 08:55:00,2025-09-17 08:57:00,3121.0,3123.0,Short,-20000.0,-0.06408202499198974,SL,2
2025-09-17 08:58:00,2025-09-17 09:01:00,3122.0,3124.0,Short,-20000.0,-0.06406149903907751,SL,3
2025-09-17 09:02:00,2025-09-17 09:23:00,3128.0,3128.0,Short,-0.0,-0.0,Trail,21
2025-09-18 02:59:00,2025-09-18 03:00:00,3126.0,3128.0,Short,-20000.0,-0.06397952655150352,Trail,1
2025-09-18 03:01:00,2025-09-18 03:02:00,3128.5,3131.5,Short,-30000.0,-0.0958926002876778,SL,1
2025-09-18 03:03:00,2025-09-18 03:17:00,3128.5,3129.0,Short,-5000.0,-0.0159821000479463,Trail,14
2025-09-18 04:37:00,2025-09-18 04:39:00,3131.0,3131.0,Short,-0.0,-0.0,Trail,2
2025-09-18 04:40:00,2025-09-18 04:41:00,3131.0,3131.0,Short,-0.0,-0.0,Trail,1
2025-09-18 04:42:00,2025-09-18 04:43:00,3131.0,3131.0,Short,-0.0,-0.0,Trail,1
2025-09-18 04:44:00,2025-09-18 04:51:00,3131.0,3130.0,Short,10000.0,0.031938677738741615,TP,1
2025-09-18 04:52:00,2025-09-18 04:53:00,3130.0,3130.0,Short,-0.0,-0.0,Trail,1
2025-09-18 04:54:00,2025-09-18 04:55:00,3130.0,3131.0,Short,-10000.0,-0.03194888178913738,SL,1
2025-09-18 07:46:00,2025-09-18 07:48:00,3137.0,3137.0,Short,-0.0,-0.0,Trail,2
2025-09-18 07:49:00,2025-09-18 07:50:00,3136.5,3137.5,Short,-10000.0,-0.031882671767894145,Trail,1
2025-09-18 07:51:00,2025-09-18 07:52:00,3135.0,3135.0,Short,-0.0,-0.0,Trail,1
2025-09-18 07:53:00,2025-09-18 08:00:00,3135.5,3129.5,Short,60000.0,0.19135704034444267,TP,7
2025-09-19 04:40:00,2025-09-19 04:41:00,3163.5,3163.5,Short,-0.0,-0.0,Trail,1
2025-09-19 04:43:00,2025-09-19 07:46:00,3163.5,3164.5,Short,-10000.0,-0.0316105579263474,SL,13
2025-09-19 07:47:00,2025-09-19 07:48:00,3164.5,3165.5,Short,-10000.0,-0.03160056881023859,SL,1
2025-09-19 07:49:00,2025-09-19 07:53:00,3163.5,3160.0,Short,35000.0,0.1106369527422159,TP,4
2025-09-19 07:54:00,2025-09-19 07:55:00,3158.5,3159.0,Short,-5000.0,-0.015830299192654742,Trail,1
2025-09-19 07:56:00,2025-09-19 07:57:00,3158.5,3158.5,Short,-0.0,-0.0,Trail,1
2025-09-19 07:58:00,2025-09-19 07:59:00,3156.5,3157.0,Short,-5000.0,-0.015840329478853162,Trail,1
2025-09-19 08:05:00,2025-09-19 08:06:00,3158.0,3158.5,Short,-5000.0,-0.015832805573147563,Trail,1
2025-09-19 08:07:00,2025-09-19 08:25:00,3162.0,3162.0,Short,-0.0,-0.0,Trail,18
2025-09-19 11:48:00,2025-09-19 11:50:00,3147.0,3150.0,Short,-30000.0,-0.09532888465204957,SL,2
2025-09-19 11:51:00,2025-09-19 11:52:00,3147.5,3153.0,Short,-55000.0,-0.17474185861795077,SL,1
2025-09-19 11:53:00,2025-09-19 11:56:00,3152.0,3141.5,Short,105000.0,0.3331218274111675,TP,3
2025-09-19 11:57:00,2025-09-19 11:58:00,3138.0,3140.5,Short,-25000.0,-0.07966857871255577,Trail,1
2025-09-19 11:59:00,2025-09-19 12:00:00,3140.0,3141.5,Short,-15000.0,-0.04777070063694268,Trail,1
2025-09-19 12:01:00,2025-09-19 12:12:00,3137.0,3120.0,Short,170000.0,0.5419190309212624,TP,11
2025-09-19 12:13:00,2025-09-19 12:14:00,3120.0,3120.5,Short,-5000.0,-0.016025641025641024,Trail,1
2025-09-19 12:16:00,2025-09-19 12:17:00,3113.5,3115.0,Short,-15000.0,-0.04817729243616509,Trail,1
2025-09-19 12:20:00,2025-09-19 12:21:00,3105.5,3109.0,Short,-35000.0,-0.11270326839478344,Trail,1
2025-09-19 12:22:00,2025-09-19 12:27:00,3108.5,3111.0,Short,-25000.0,-0.08042464211034261,Trail,5
2025-09-19 12:28:00,2025-09-19 12:29:00,3116.5,3116.5,Short,-0.0,-0.0,Trail,1
2025-09-19 12:30:00,2025-09-19 12:34:00,3114.5,3119.0,Short,-45000.0,-0.14448547118317548,Trail,4
2025-09-19 12:35:00,2025-09-19 12:42:00,3120.5,3122.0,Short,-15000.0,-0.04806921967633392,Trail,7
2025-09-19 12:43:00,2025-09-19 12:49:00,3120.5,3123.5,Short,-30000.0,-0.09613843935266785,Trail,6
2025-09-19 12:50:00,2025-09-19 12:55:00,3128.5,3128.0,Short,5000.0,0.0159821000479463,Trail,5
2025-09-19 13:44:00,2025-09-19 13:52:00,3119.5,3121.0,Short,-15000.0,-0.04808462894694662,Trail,8
2025-09-19 13:53:00,2025-09-19 13:54:00,3122.0,3122.0,Short,-0.0,-0.0,Trail,1
2025-09-19 14:31:00,2025-09-19 14:32:00,3119.5,3123.0,Short,-35000.0,-0.11219746754287546,SL,1
2025-09-19 14:33:00,2025-09-19 14:34:00,3121.0,3123.5,Short,-25000.0,-0.08010253123998719,Trail,1
2025-09-19 14:35:00,2025-09-19 14:36:00,3122.5,3122.5,Short,-0.0,-0.0,Trail,1
2025-09-19 14:38:00,2025-09-19 16:01:00,3116.0,3123.0,Short,-70000.0,-0.2246469833119384,SL,3
2025-09-20 04:49:00,2025-09-20 04:50:00,3134.5,3134.0,Short,5000.0,0.01595150741745095,TP,1
2025-09-20 04:51:00,2025-09-20 04:52:00,3134.0,3134.5,Short,-5000.0,-0.015954052329291642,SL,1
2025-09-20 04:53:00,2025-09-20 04:54:00,3134.5,3134.5,Short,-0.0,-0.0,Trail,1
2025-09-20 04:55:00,2025-09-22 07:46:00,3134.0,3133.0,Short,10000.0,0.031908104658583285,TP,1
2025-09-22 07:47:00,2025-09-22 07:48:00,3131.5,3132.5,Short,-10000.0,-0.03193357815743254,SL,1
2025-09-22 07:49:00,2025-09-22 08:01:00,3132.5,3137.5,Short,-50000.0,-0.1596169193934557,SL,12
2025-09-22 08:02:00,2025-09-22 08:03:00,3140.5,3142.5,Short,-20000.0,-0.0636841267314122,SL,1
2025-09-22 08:04:00,2025-09-22 08:05:00,3141.5,3143.0,Short,-15000.0,-0.047747891134808214,Trail,1
2025-09-22 08:06:00,2025-09-22 08:10:00,3146.5,3149.0,Short,-25000.0,-0.0794533608771651,SL,4
2025-09-22 08:11:00,2025-09-22 08:17:00,3149.5,3153.5,Short,-40000.0,-0.12700428639466582,SL,6
2025-09-22 08:19:00,2025-09-22 08:20:00,3153.0,3154.5,Short,-15000.0,-0.04757373929590866,Trail,1
2025-09-22 08:21:00,2025-09-22 08:29:00,3152.5,3150.5,Short,20000.0,0.063441712926249,Trail,8
2025-09-22 08:31:00,2025-09-22 08:32:00,3144.0,3144.5,Short,-5000.0,-0.015903307888040712,Trail,1
2025-09-22 08:55:00,2025-09-22 08:56:00,3144.5,3144.5,Short,-0.0,-0.0,Trail,1
2025-09-22 08:57:00,2025-09-22 08:58:00,3140.0,3143.5,Short,-35000.0,-0.11146496815286625,SL,1
2025-09-22 08:59:00,2025-09-22 09:00:00,3141.5,3141.5,Short,-0.0,-0.0,Trail,1
2025-09-23 04:35:00,2025-09-23 04:36:00,3148.0,3148.0,Short,-0.0,-0.0,Trail,1
2025-09-23 04:37:00,2025-09-23 04:38:00,3147.5,3148.0,Short,-5000.0,-0.015885623510722795,SL,1
2025-09-23 04:39:00,2025-09-23 04:50:00,3148.0,3149.0,Short,-10000.0,-0.03176620076238882,SL,1
2025-09-23 04:51:00,2025-09-23 04:52:00,3148.5,3148.5,Short,-0.0,-0.0,Trail,1
2025-09-23 04:54:00,2025-09-23 04:55:00,3149.0,3148.0,Short,10000.0,0.031756113051762465,TP,1
2025-09-23 07:46:00,2025-09-23 07:47:00,3150.0,3151.5,Short,-15000.0,-0.047619047619047616,SL,1
2025-09-23 07:48:00,2025-09-23 07:49:00,3150.5,3152.0,Short,-15000.0,-0.047611490239644505,SL,1
2025-09-23 07:50:00,2025-09-23 08:02:00,3150.5,3146.5,Short,40000.0,0.12696397397238532,TP,11
2025-09-24 04:36:00,2025-09-24 04:37:00,3140.5,3140.5,Short,-0.0,-0.0,Trail,1
2025-09-24 04:53:00,2025-09-24 04:54:00,3141.0,3141.0,Short,-0.0,-0.0,Trail,1
2025-09-24 04:55:00,2025-09-24 07:46:00,3141.5,3139.0,Short,25000.0,0.07957981855801369,TP,1
2025-09-24 07:47:00,2025-09-24 07:48:00,3140.5,3139.0,Short,15000.0,0.04776309504855915,TP,1
2025-09-24 07:49:00,2025-09-24 07:52:00,3139.5,3135.5,Short,40000.0,0.12740882306099696,TP,3
2025-09-24 07:53:00,2025-09-24 07:54:00,3135.0,3136.0,Short,-10000.0,-0.03189792663476874,Trail,1
2025-09-24 07:55:00,2025-09-24 07:58:00,3136.0,3137.5,Short,-15000.0,-0.04783163265306122,SL,3
2025-09-24 07:59:00,2025-09-24 08:00:00,3135.0,3137.0,Short,-20000.0,-0.06379585326953748,SL,1
2025-09-24 08:07:00,2025-09-24 08:21:00,3127.5,3126.5,Short,10000.0,0.0319744204636291,Trail,14
2025-09-24 08:22:00,2025-09-24 08:23:00,3127.5,3129.0,Short,-15000.0,-0.047961630695443645,Trail,1
2025-09-24 08:24:00,2025-09-24 08:25:00,3127.0,3128.0,Short,-10000.0,-0.03197953309881676,Trail,1
2025-09-24 08:51:00,2025-09-24 08:52:00,3133.5,3135.5,Short,-20000.0,-0.06382639221318015,SL,1
2025-09-24 08:53:00,2025-09-24 08:54:00,3135.5,3136.5,Short,-10000.0,-0.03189284005740711,Trail,1
2025-09-24 08:55:00,2025-09-24 08:56:00,3137.5,3138.0,Short,-5000.0,-0.01593625498007968,Trail,1
2025-09-24 08:57:00,2025-09-24 08:58:00,3136.5,3136.5,Short,-0.0,-0.0,Trail,1
2025-09-24 08:59:00,2025-09-24 09:01:00,3137.0,3132.5,Short,45000.0,0.14344915524386356,TP,2
2025-09-25 04:55:00,2025-09-25 07:46:00,3157.0,3154.5,Short,25000.0,0.07918910357934748,TP,1
2025-09-25 07:47:00,2025-09-25 07:48:00,3153.5,3156.0,Short,-25000.0,-0.07927699381639448,SL,1
2025-09-25 07:49:00,2025-09-25 07:55:00,3154.0,3154.5,Short,-5000.0,-0.01585288522511097,Trail,6
2025-09-25 07:56:00,2025-09-25 07:57:00,3153.5,3153.5,Short,-0.0,-0.0,Trail,1
2025-09-25 07:58:00,2025-09-25 07:59:00,3153.5,3155.0,Short,-15000.0,-0.04756619628983669,Trail,1
2025-09-25 08:01:00,2025-09-25 08:02:00,3161.5,3164.0,Short,-25000.0,-0.07907638779060573,SL,1
2025-09-25 08:03:00,2025-09-25 08:06:00,3165.5,3154.5,Short,110000.0,0.3474964460590744,TP,3
2025-09-25 08:07:00,2025-09-25 08:08:00,3152.5,3156.5,Short,-40000.0,-0.126883425852498,SL,1
2025-09-25 08:09:00,2025-09-25 08:10:00,3160.5,3162.0,Short,-15000.0,-0.04746084480303749,Trail,1
2025-09-25 08:11:00,2025-09-25 08:29:00,3162.5,3151.0,Short,115000.0,0.36363636363636365,TP,18
2025-09-26 04:35:00,2025-09-26 04:36:00,3162.0,3162.5,Short,-5000.0,-0.015812776723592662,SL,1
2025-09-26 04:37:00,2025-09-26 04:38:00,3163.0,3163.0,Short,-0.0,-0.0,Trail,1
2025-09-26 04:39:00,2025-09-26 04:40:00,3162.0,3162.0,Short,-0.0,-0.0,Trail,1
2025-09-26 04:41:00,2025-09-26 04:42:00,3162.0,3162.0,Short,-0.0,-0.0,Trail,1
2025-09-26 04:43:00,2025-09-26 04:44:00,3162.0,3162.0,Short,-0.0,-0.0,Trail,1
2025-09-26 04:45:00,2025-09-26 04:55:00,3162.5,3162.5,Short,-0.0,-0.0,Trail,4
2025-09-26 07:47:00,2025-09-26 07:48:00,3160.5,3162.0,Short,-15000.0,-0.04746084480303749,SL,1
2025-09-26 07:49:00,2025-09-26 07:51:00,3161.5,3163.0,Short,-15000.0,-0.04744583267436343,SL,2
2025-09-26 07:52:00,2025-09-26 07:56:00,3158.5,3159.5,Short,-10000.0,-0.031660598385309484,Trail,4
2025-09-26 07:57:00,2025-09-26 08:03:00,3160.5,3161.0,Short,-5000.0,-0.0158202816010125,Trail,6
2025-09-26 08:07:00,2025-09-26 08:08:00,3168.5,3171.0,Short,-25000.0,-0.07890168849613381,Trail,1
2025-09-26 08:09:00,2025-09-26 08:14:00,3167.5,3167.0,Short,5000.0,0.015785319652722965,Trail,5
2025-09-26 08:15:00,2025-09-26 08:21:00,3162.5,3165.0,Short,-25000.0,-0.07905138339920949,Trail,6
2025-09-26 08:43:00,2025-09-26 08:49:00,3173.0,3173.5,Short,-5000.0,-0.01575795776867318,Trail,6
2025-09-26 08:50:00,2025-09-26 08:57:00,3173.5,3173.5,Short,-0.0,-0.0,Trail,7
2025-09-26 08:58:00,2025-09-26 08:59:00,3173.5,3174.0,Short,-5000.0,-0.01575547502757208,Trail,1
2025-09-26 14:21:00,2025-09-26 14:22:00,3169.0,3170.0,Short,-10000.0,-0.03155569580309246,Trail,1
2025-09-26 14:26:00,2025-09-26 14:31:00,3168.5,3160.0,Short,85000.0,0.268265740886855,TP,5
2025-09-26 14:32:00,2025-09-26 16:01:00,3161.5,3158.0,Short,35000.0,0.11070694290684802,Trail,9
2025-09-27 04:28:00,2025-09-27 04:31:00,3162.0,3162.5,Short,-5000.0,-0.015812776723592662,SL,1
2025-09-27 04:35:00,2025-09-27 04:36:00,3163.0,3163.0,Short,-0.0,-0.0,Trail,1
2025-09-27 04:37:00,2025-09-27 04:38:00,3163.0,3163.0,Short,-0.0,-0.0,Trail,1
2025-09-27 04:39:00,2025-09-27 04:40:00,3163.0,3163.0,Short,-0.0,-0.0,Trail,1
2025-09-27 04:41:00,2025-09-27 04:42:00,3163.5,3163.5,Short,-0.0,-0.0,Trail,1
2025-09-27 04:43:00,2025-09-27 04:44:00,3163.5,3163.5,Short,-0.0,-0.0,Trail,1
2025-09-27 04:45:00,2025-09-27 04:46:00,3163.5,3163.5,Short,-0.0,-0.0,Trail,1
2025-09-27 04:47:00,2025-09-27 04:48:00,3163.5,3163.5,Short,-0.0,-0.0,Trail,1
2025-09-27 04:49:00,2025-09-27 04:50:00,3164.0,3164.5,Short,-5000.0,-0.015802781289506955,SL,1
2025-09-27 04:51:00,2025-09-27 04:54:00,3164.0,3164.0,Short,-0.0,-0.0,Trail,3
2025-09-27 04:55:00,2025-09-29 07:46:00,3164.5,3159.5,Short,50000.0,0.15800284405119291,TP,1
2025-09-29 07:47:00,2025-09-29 07:48:00,3163.0,3164.0,Short,-10000.0,-0.03161555485298767,SL,1
2025-09-29 07:49:00,2025-09-29 07:52:00,3165.0,3165.0,Short,-0.0,-0.0,Trail,3
2025-09-29 07:53:00,2025-09-29 07:54:00,3163.0,3163.5,Short,-5000.0,-0.015807777426493835,Trail,1
2025-09-29 07:55:00,2025-09-29 07:57:00,3163.5,3164.0,Short,-5000.0,-0.0158052789631737,Trail,2
2025-09-29 07:58:00,2025-09-29 07:59:00,3162.5,3164.0,Short,-15000.0,-0.04743083003952569,Trail,1
2025-09-29 08:00:00,2025-09-29 08:01:00,3163.0,3154.5,Short,85000.0,0.2687322162503952,TP,1
2025-09-29 08:02:00,2025-09-29 08:03:00,3149.0,3155.5,Short,-65000.0,-0.206414734836456,SL,1
2025-09-29 08:04:00,2025-09-29 08:06:00,3150.5,3153.5,Short,-30000.0,-0.09522298047928901,Trail,2
2025-09-29 08:07:00,2025-09-29 08:22:00,3150.0,3145.5,Short,45000.0,0.14285714285714285,Trail,15
2025-09-29 08:23:00,2025-09-29 08:24:00,3144.5,3145.0,Short,-5000.0,-0.01590077913817777,Trail,1
2025-09-29 08:25:00,2025-09-29 08:37:00,3149.0,3139.5,Short,95000.0,0.3016830739917434,TP,12
2025-09-29 08:38:00,2025-09-29 08:39:00,3139.0,3139.0,Short,-0.0,-0.0,Trail,1
2025-09-29 08:40:00,2025-09-29 08:41:00,3138.5,3139.0,Short,-5000.0,-0.015931177314003505,Trail,1
2025-09-29 08:42:00,2025-09-29 08:43:00,3139.5,3141.0,Short,-15000.0,-0.047778308647873864,Trail,1
2025-09-29 08:44:00,2025-09-29 08:45:00,3142.5,3144.5,Short,-20000.0,-0.06364359586316627,Trail,1
2025-09-29 08:46:00,2025-09-29 08:47:00,3145.5,3146.5,Short,-10000.0,-0.03179144810046098,Trail,1
2025-09-29 08:48:00,2025-09-29 08:55:00,3146.0,3140.0,Short,60000.0,0.19071837253655435,TP,7
2025-09-29 08:56:00,2025-09-29 08:57:00,3139.5,3140.0,Short,-5000.0,-0.01592610288262462,Trail,1
2025-09-29 08:58:00,2025-09-29 09:09:00,3140.5,3139.0,Short,15000.0,0.04776309504855915,Trail,11
2025-09-29 14:30:00,2025-09-29 14:31:00,3136.5,3138.0,Short,-15000.0,-0.04782400765184123,Trail,1
2025-09-29 14:33:00,2025-09-29 14:34:00,3138.5,3141.0,Short,-25000.0,-0.07965588657001753,SL,1
2025-09-29 14:35:00,2025-09-29 14:40:00,3138.5,3140.0,Short,-15000.0,-0.04779353194201051,Trail,5
2025-09-30 04:02:00,2025-09-30 04:19:00,3142.5,3140.0,Short,25000.0,0.07955449482895784,TP,14
2025-09-30 04:20:00,2025-09-30 04:25:00,3140.0,3140.0,Short,-0.0,-0.0,Trail,3
2025-09-30 04:26:00,2025-09-30 04:27:00,3140.0,3140.0,Short,-0.0,-0.0,Trail,1
2025-09-30 04:28:00,2025-09-30 04:29:00,3140.0,3140.0,Short,-0.0,-0.0,Trail,1
2025-09-30 04:30:00,2025-09-30 04:31:00,3140.0,3140.0,Short,-0.0,-0.0,Trail,1
2025-09-30 04:32:00,2025-09-30 04:33:00,3140.0,3140.0,Short,-0.0,-0.0,Trail,1
2025-09-30 04:35:00,2025-09-30 04:39:00,3139.5,3139.5,Short,-0.0,-0.0,Trail,1
2025-09-30 04:40:00,2025-09-30 04:41:00,3139.5,3139.5,Short,-0.0,-0.0,Trail,1
2025-09-30 04:42:00,2025-09-30 04:43:00,3139.0,3139.0,Short,-0.0,-0.0,Trail,1
2025-09-30 04:44:00,2025-09-30 04:45:00,3138.5,3138.5,Short,-0.0,-0.0,Trail,1
2025-09-30 04:46:00,2025-09-30 04:47:00,3138.5,3138.5,Short,-0.0,-0.0,Trail,1
2025-09-30 04:48:00,2025-09-30 04:51:00,3138.5,3138.5,Short,-0.0,-0.0,Trail,2
2025-09-30 04:52:00,2025-09-30 04:54:00,3138.5,3137.0,Short,15000.0,0.04779353194201051,TP,2
2025-09-30 04:55:00,2025-09-30 07:46:00,3138.5,3137.0,Short,15000.0,0.04779353194201051,TP,1
2025-09-30 07:47:00,2025-09-30 07:48:00,3135.5,3137.0,Short,-15000.0,-0.04783926008611067,SL,1
2025-09-30 07:49:00,2025-09-30 07:50:00,3137.5,3137.5,Short,-0.0,-0.0,Trail,1
2025-09-30 07:51:00,2025-09-30 07:59:00,3136.0,3136.5,Short,-5000.0,-0.01594387755102041,Trail,8
2025-09-30 08:00:00,2025-09-30 08:02:00,3137.0,3128.5,Short,85000.0,0.2709595154606312,TP,2
2025-09-30 08:04:00,2025-09-30 08:05:00,3126.0,3127.0,Short,-10000.0,-0.03198976327575176,Trail,1
2025-09-30 08:06:00,2025-09-30 08:07:00,3126.0,3129.5,Short,-35000.0,-0.11196417146513117,SL,1
2025-09-30 08:08:00,2025-09-30 08:13:00,3128.0,3131.0,Short,-30000.0,-0.0959079283887468,Trail,5
2025-09-30 08:14:00,2025-09-30 08:21:00,3131.0,3135.5,Short,-45000.0,-0.14372404982433729,SL,7
2025-09-30 08:22:00,2025-09-30 08:23:00,3129.5,3130.5,Short,-10000.0,-0.031953986259785905,Trail,1
2025-09-30 08:24:00,2025-09-30 08:32:00,3132.0,3132.5,Short,-5000.0,-0.015964240102171137,Trail,8
2025-09-30 08:33:00,2025-09-30 08:38:00,3131.0,3131.0,Short,-0.0,-0.0,Trail,5
2025-09-30 08:39:00,2025-09-30 08:50:00,3129.5,3132.0,Short,-25000.0,-0.07988496564946478,SL,11
2025-09-30 08:51:00,2025-09-30 08:52:00,3132.0,3132.5,Short,-5000.0,-0.015964240102171137,Trail,1
2025-09-30 08:53:00,2025-09-30 08:54:00,3129.5,3131.5,Short,-20000.0,-0.06390797251957181,SL,1
2025-09-30 08:55:00,2025-09-30 08:56:00,3131.5,3131.5,Short,-0.0,-0.0,Trail,1
2025-09-30 08:57:00,2025-09-30 08:58:00,3131.5,3131.5,Short,-0.0,-0.0,Trail,1
2025-09-30 08:59:00,2025-09-30 09:00:00,3129.0,3129.5,Short,-5000.0,-0.01597954618088846,Trail,1
2025-09-30 09:10:00,2025-09-30 09:11:00,3120.5,3121.5,Short,-10000.0,-0.03204614645088928,Trail,1
2025-09-30 09:12:00,2025-09-30 09:13:00,3124.5,3125.5,Short,-10000.0,-0.032005120819331094,Trail,1
2025-09-30 09:14:00,2025-09-30 09:15:00,3126.5,3127.5,Short,-10000.0,-0.03198464736926275,Trail,1
2025-09-30 09:16:00,2025-09-30 09:22:00,3129.5,3132.0,Short,-25000.0,-0.07988496564946478,Trail,6
2025-09-30 14:30:00,2025-09-30 14:31:00,3137.0,3137.5,Short,-5000.0,-0.01593879502709595,Trail,1
2025-09-30 14:32:00,2025-09-30 14:40:00,3138.0,3137.0,Short,10000.0,0.03186743148502231,EOD,8
